RIDE_ID,LABEL
5f1204d8804367476111925fb8ad6e2b0b289087810a4963f8b961f863cb5f83,Bad weather
364cbd35e6df9bc2d89ac2040adefcaaf9c98cfd43ed3c2044d8042860994a37,Bad weather
25c833334528703505857f0c679324b972c1bd2f487569ebbcf2e8dff4b2edea,Bad weather
8f92b89c0fbfe25efc441e0c956ba5e494ecc93de34bb0fd4beb795294a09004,Bad weather
6168652a6e1897fb0cea9cd020e0224bed82393183df57a399f3f8c1adb31137,Bad weather
fa2cfd13d67da791dad435ca798586fad307c1a69e65a4e11e6708a980d79ed9,Bad weather
059d6ccd5096d072b482a2f6e06639682026970095865a26b6c3f749d8c82cf2,Bad weather
3d494bff5343cc1fdf6e6100c5bc78885c7853e601e702520fb2a640b581055d,Bad weather
7fd10d4f6d84a1d61b1db40ed784ba27f2688f9d0b08087bf8e245ee9f35f2e2,Bad weather
073fc60eb0ae9736d2773cac9664160407c5a685569a53e3dc648987ceddff9a,Bad weather
55a125c613ca448ed7ec721a9c04f0e63500247a93f66bc66ed1f20bd06a7e86,Bad weather
ecb0c9a53ac1b8dcc74a5419984377c676075d33ab8e5b64038ef168c638ac3d,Bad weather
a144403a70e4dc3a1e1b157fd102a6c74b87a6d74587737c8f63677176540455,Bad weather
0e6f85de5373927bf51499b82716774f1b55358b7975f735f723e025663b550e,Bad weather
e04b229efdb68c6f864975ee154c4edfd3ba6ecd3e3c9d0197b106fcc15d0728,Bad weather
e429df417be0e7490f554bae89c1501eda2c282d58ff8525d9238a1ebb4ab55e,Bad weather
0236bdcf13d473ea24d97f5eaeea459f257dffac00569427e4f0aa2036d53f09,Bad weather
791d917b9d8fe7fd6ea5ee518c3d91341371498195d6d3c900c6caa380ddcedb,Bad weather
b74ee1a4b03bc9f1244ff6a30b41406998f5dddd9cabda51f9d1def902e80128,Bad weather
8ba3a63fc3e159116262b071f72d6490212af246e02fc9245c26329fca563ff8,Bad weather
fb5ad2813a1df7733f8c7abf897dcf45f6a3b10f575970db9331dfe816a3e9fc,Bad weather
7aa0505988a9ebb7f2c80b0b67f9358ead7d0592ba959ad70a503bc263d79f0b,Bad weather
08d6ca212bdc3aaf0d2437d2edcdfc4e59578e8a3bfb3733b81d0c23196e1e79,Reckless
c3e962b4175b9683364f6bdc16fcf78601d3efe32b32fa85f7c5fad5f875aa9e,Reckless
00d223cb7aecc9c0cc5871e32a6c45027a068eba07c572a006b79dbf1801802c,Reckless
bc3a359722aa3e8335718c70d4ea1fd2f3d60764777c1c4182c528d0aa3b59e7,Reckless
fb684d4bc577c517182977f5c29508cb60b9ebf5c1028680e61fb0bc84e12dc9,Reckless
a7ce7f3adb728eb0fe3b8641d5b928d419a3ebd6fd1db33b6e8c66bd59a78b1e,Reckless
fa8e301c17474250441753b7d9d01b4ebf95d809eba34240060bf4ec7ece15c7,Safe
33e08763fa90d3ff53f838cb72947f2169e66c45f3688b60dfc6e521b8025b2f,Safe
1e8f0c308efd6d0d53c05fd2e7fb4ea39081de9760fc15052ea1990cdfc1c853,Safe
b48d38ec34f4c029e28aaf2ef8c22648451d04184ec5255b6a0062e5bf39e40d,Safe
59eeaff94a7136674b7c9e440766e6af7b717c97c522f106b506a5c9d847c14b,Safe
8f9e9af2fe6eca30b813c74e71f3612b8182e9fdf3941d37647febeac763f50b,Safe
523283f8046ee2381ae534c4df3d69a33df488f419dd9a3ea41ead52e7c4402e,Safe
b92c0abf4269037347272c573474b930bbe840b0287819abd202adf4612ffab9,Safe
02288a4aeca044203394e982e76b87818021dea2b34df92c0d9f3ef9a081d4cd,Safe
581caf667426feb3f908fe9d040ef69c329081d3b15d9fea6679106a27d9c85c,Safe
b9bfc88592183c7ce967c8c214ad473c3c59c5bc0b443b5325146a9b17dc3ca6,Safe
41ab7e7aac444d892412a62ed5a5fa9eb41ac060533fdd6473087edd1d922a4e,Safe
27d136c1da4cb7b33d822753869aaaf80f091764d42a1dbf2475d39fd5599e74,Safe
465f76fb98292ec6c731f36034054e263f9204456494d94116fe4beb9fcf1eba,Safe
7b5091aae5a71758bc3cd073b17a6a452188ddac175c1661ebe449eb38b98d12,Safe
ea8d571aea83eac648d3aaed296a6b5562b03e838ae6c5ed1f5c125d218c6513,Safe
465cabfe068f7788c5f14b22497572d9f8dfee9a146b5d70bec463f75ade2371,Safe
187ef6164b01d162e1a2013802e12acfa553715f7913a64d97b735d1a0e68852,Safe
2f5b5fef306c5d0c7cf13d0d4eda5c1a2ea9cd29d35912d83d4967cdb4140bb3,Safe
c44ca9ea4ef77c073f9ff424681a1f3cc2d73679e5da873c32bff931893091ae,Safe
59285cdf6dee7bfe0704d381891204af7fc93b226ff54ec5d88c63a6bb7fa235,Safe
767320b37b7fbbe86fa02c1dfdb02abff777502de9661cbb2580bfe9a29dfefc,Safe
98b22019efcc47697fa3e3c8be642887815fa74add5795bb3a6562d42c7008e1,Safe
e412ab825637cc829c408e93beb9e5dd1bb82a5834bd5b89387bc2b1176c886b,Safe
5568c7b90bd6e2d2fef2910574f4b2a767d25524b2615311efeccf7ff1967e97,Safe
3c699a8364433a06101b60e20281a3fc72bb261f8c4865adccf983ef93be9822,Safe
04a47f21a4e9db12eafd1e6413a2f4c76282a7bd08b79adf345c2701081fd84e,Safe
9efa077876571f8c17bf5862c9a593bded7a79bbd74f44bfa41a6bad099c2770,Safe
b1e133366c6f805c2afe9f4ec81398a9ea9a8af41de02758ebac56cec1e0a94e,Safe
4a2c7035b0f58e9855ecb1111fdc1aab68dc8f9e3a4e1688213cdf6bcab6566b,Safe
781fd1ccfbb753740e12e6a8ec987555bf3bfc1a4b022affaee6def1839e946a,Safe
9a4c466fbba94569c76ebb5e3d099cb60d983feba4d0f330d894a078da29056e,Safe
fe67169632306d4668b2affedef510df2cb43e2fb412205a245fe29394539c0d,Safe
dabcefbb92bbead2313d9c7e12d3c214182b911c20b2c41dd0ffbf7b7073939e,Safe
b134890d4ee08fa6b910e4720d73bf346a1fc4b09b5d0025e326f00f673c733a,Safe
bf34d0a7660f2c3190cffcd3322c1dc1cef36d922d1eac4e1d9ff82d92fbe62f,Safe
c6d9af905c24ccc616f0771f26357b6dbe0de52e2484819d4b1033b045b99f2d,Safe
ffb6f2f5dc6ba768d88dc0bc1af4cad235526aa9e24168e9423737941711f19f,Safe
5cbc8dcd8d1657b1455dacafe72e190ee9592f4f18ee343318f0213a4d2451c3,Safe
252423543bb7440ec13f1d4f2a22473afe466227852ec68b4c506d5942bd7940,Safe
2c9d462741ab293e781ff2876944de955eb8c110e0e642db795d49042a580fce,Safe
de149aef4d925e0653bb32eb377c3e087111678acad479e2ae08b5faba3fad0e,Safe
267558fdaa9fa6964cfef52ccb13c893020813fa12f6a20f8538b7067dbf524b,Safe
8f9a3503a50e2d819ee4f489541bd879a56eaa0e0634b8d6621c387c2527e357,Safe
ddcb032cbd9bad006d441f0ec144f26c7b7dd6270dc38b32e27b7a8039e1ca12,Safe
a3decba071de220778118dd657579879045e64f54060b2b14a9c010595c4091f,Safe
b8e3066479b03086938ff266d7d274064ef99e351cf3d5ee71dbc4f0e655aaae,Safe
02bd3cba2776d892594895fb93c520a434c2e2c1339910767e28c163c22c6f14,Safe
47e2b868f4a393963df43b4c195b5585a2774856e7e673adb0b811aba50cae46,Safe
ca67e8c421f3320f57e0f0aec558cd0dfe601cf9472ff82d051f2615815b785a,Safe
9e108bc8f2f5ccc1839d45f9c05e0dc0f6eed9d8f85c64cbe51f820e727043fa,Safe
a7ec304fd5b9608395404e35752c854abe3c0699198a4085c9954eda2642b9a9,Safe
2aa446f7afa1e0b3ecac7ada0a9d19b1053fc14c528ce7ce77efdc3124a4012f,Safe
558bc2d4119a4147911b02a45dcfe695f68b7c707a0d8b19726a027391c65889,Safe
005043f1a7520cebf1e17fd166a00a3190e2433530f2362b194c9e6095e4fe7e,Safe
05bee9bcd07ee3da1fc386d659528c670f14caa6fed6d8b69ffcb7507cec3177,Safe
df1aa85cb86e35c89b151c5efa8a75c619ebae4b2215cf1532dc95968aa1b889,Safe
0a53e506b99534cfa1961f84891f950c426a0fcda38bdc6b143598bbb40694e9,Safe
a87f81ea48fa769bbd8d31195433961fa35573f89f3b6c5e2f2e022d82f76d48,Safe
2e413a699ab43176bbcb50f9f449aef0a39b0a22fda05bb3a459e7469a1aae78,Safe
479beee93aae7f411454bef37750e4481709d022632107bdb55b987803f4f1fd,Safe
1ddd3d15b989a202b03541ed163414d92bd20239e844c8d52ab826c40da78906,Safe
0e8355b170abeb6c2c8a3e3d668964be00f112f88f810cb8ea9b8e656851ca74,Safe
4320c4836f46a9f469a53d00ec4f4c23c968112d46e3ce750e2e27bd10cc81a0,Safe
416e230a231162eb0244a201273cfee54f7a16897833d78eacbbf6c1cb0f5604,Safe
df18c2e9c460dcc40b135519384e5d76528b11b28232d9c91077a42ac3009d17,Safe
46e8417162eb40828a86cfc1e8e934d6bb118fcb26001d89c6d4121ffa9a3457,Safe
7005253631c8b245de8a4cb56a4c3040c898c175be26ac8b07b09dcb76faefab,Safe
d5db58174def5ff4972be2f8416e0c9dc332e60472a116c7f0ffbed206000888,Safe
deca82d370a9c57ad37c55d86c294ce94c8447066a1282e4aa015dde802d7c4d,Safe
53c292ff3c40f384cf4c274f572a90ac93b2dfe280b01fec0bc79c4773d66ca5,Safe
33014cf4ed2484ce72a07d86d82ef48dd579d2443568c8e376fd450ec6c307ae,Safe
689dbfa64dbea3bbd84219eb62412f241b40455afd4b76b20c8420e052180e77,Safe
218ef435ca507eadc23f3b4cb7f7204bab4599a65dfb70462c436e669de9ba2b,Safe
b58f8e576817255bac052d7055c4d67b310f57811f8922e054f3d90e990dd8bf,Safe
f05d917d218124e669acb8533a90922b90bf11597793c3b07aee7165eaeeaa94,Safe
5bf0c0fee4850e15bcbc39214690ff1962b62f2eb8436c862f3ea21e6b80eb3a,Safe
6585b7aebede444d3876300a632f51c3f857feb762802ff5b8a487fc8d10d60d,Safe
ff79b2e945b93c2a5efc3a06365267b3a160e7849ba57dd4b62dd9521ce7da71,Safe
a1388e3c2c228fad07a13c9b4cc5e994854836cb5b08205c62afebb56785e825,Safe
f5a9cd7398ad6ea2477f08aa112441bfefc8ddb674e5d7ab855b011b84651ba9,Safe
da221012c17c34c5abcba4f55904e8d2af9eafe96c6ff445c8cd021f088c515e,Safe
9d3a324d14008d0fc70946115145b2a76a2251c7ac157b882d585be9b18ea731,Safe
7375fb6106c856853a02541ea81631cb64bc0838e4ab39c658a736887be01ed6,Safe
fee44667fdc8ab4995c702fc3bd36178de0b1ca2c6468784f09adfca124475e1,Safe
e5278f9f0045ce9ac2f96469acac3a28de79b13d37e78062163bbaf09f20dfae,Safe
e14b57214b66fd060e13ea2d3455100e9696d92b20ed77b131306f3ba22ac5a4,Safe
22ba1f83ea393669c3a739648f6d582ce6a0bfc8beda7872a56f01db9e1f4bb2,Safe
29e2caaa3c0d010aa21b7b5b440b04a182601f2734c39cbe80c84d329a7961e5,Safe
b796b7c872af1d3aec5871375146fee35502a7c47b3e196ab0486cd900e45a47,Safe
a5b2e23df696638747f36e5188e9fd77b3c5e121dc7e7b9569276451155b75c6,Safe
97dc2788c6bf9c66f37bf5f143cdb86d84fe4b9ca8d5321ad6d6ce2136f8f879,Safe
088aa4fac9326e2a5424a01e31faf17b7dbff40feb430743aa380d627f8d4321,Safe
d86e6a924be2f777e13fc8961501789ddd2ad7243d8f887f7836450f02110a25,Safe
8b72b261adf070e667ffb4b2f85fa37bc7c0d32109f255178da47130e2db91cb,Safe
653bee40b17bea1b937282df464da8be33526c12770f28d8b3262b7e6d051b74,Safe
22ab09605a8d3b6d0ddee720df00387e768ac96ecce38273755e564db557e24c,Safe
78bf326d67cd77dcdb3beb51da1cbb7ec3d3cb0282b7201839de6ce349dea645,Safe
21e34bb9bbe84f90ed956c48b44d100a7c358891fa104ffbaa8c9ab6d5db95f4,Safe
724d1847480618b29ebebe8a1b01c6aea057ed004772a06060b7daa899ddc822,Safe
ea48a106f30d8a3f637f8fd2723be0f5e05f1b1dc262d812f4ec559157b95815,Safe
f2b70472d15446105239fad685b791afdbe6e0a2839e9d9335d777494daea013,Safe
0de9768a2ef5f1123165850c8328e7e79b08c5efef3f0e296567ae3edc1ee219,Safe
729ef6cabad616c091ebf23c02c11f4531476b672722c5a118f3a5fa27aa1cd0,Safe
69a3644e9aafa74fb330c27fd9dbedf880711dea7ada57a849f304e99fcc9104,Safe
1eaf192bd1fa68d84fe2fc2154761e20cdfbf0f2c563ed1d7fbcbc9e14376a0e,Safe
b1240ea4416efef62dc7484a1f09395b091b10497ac81dcbab42a73c9cc9fac7,Safe
abcd2a805490065f339fb0067ec3ff388749f019406d89635da122abd75c60b7,Safe
08df4de07c9a48a0e6a0189df42306b249277125249c4354a3684813e6ccb6ef,Safe
f2c3737e842cfe6834fc72e37ac85cca8b30cb7f24407c8082db87e476f0541c,Safe
905ae049d443edc6f74ba4f91b8441ac118f0a6cd9fa36eed06cf9ade71d0a48,Safe
cebc1214483570eafea78286cf43e2d0173578887a11d94a48534718c1fd63d8,Safe
1e86a7416649423eaf445da41b520c6b305c81c1bf708b5ae33b58dc4ca755db,Safe
e22136ae46015dcc778a7f67445076913f7f8f568ae7c3add224084ada92b04d,Safe
d8eb922b33a1442f2c93893a3273998ad7661d968fbd9f9107aac6a133f1312f,Safe
59d482d6c263ed537fb5129e55071e7a92f8e78e230ca11839b1ef32ecad715a,Safe
f41f2353128980625a69a204628864e6ca438f101ca702507a5081e09edde4c2,Safe
6254c222ade9c5cc69788fc5c3f1d02d106472cc0b00971d2d07560859768a82,Safe
5559e254a93f54a4d23fc695d93b33cad5db86afdb00542043e40b06dbbce291,Safe
6edf91944b539ac9cf8d9710ef56d6617e34f94e6ebd1e2fc7b04ef8802c4c9e,Safe
6ade592332e486efe77f4d5fe0b4b507fc725bb08e1870f69f5ae31bccc5af4e,Safe
44bcfb43756bf9e9059770c215dff873226561c632e1c82577f6d1bb09a02d0f,Safe
5c165a9c1453cacab5bac0c7a156fb666c9074aef6380bc23ecc88083a525e36,Safe
cffbce7e95d35fc91d04411f7f4324034015642accb642bda0eb770729fb26df,Safe
caea4a1cf8ee08fe390939ff38f030930758d917ab35b955ad319f0d8de43178,Safe
732ec90bc16b329666ba521239e23badd6f0fbc7472eb542bc6bc8f30cb7cc16,Safe
49de11379cca6aa1c83062750ca18da6cdf36d40f69c4986191b69648f2132f4,Safe
e6db676bd661feab425d1e891bd11936080f487f1622c8ad8d41bd999ff1b3cf,Safe
b0e9170841309f4938fdd14ee4cb92b1aafa916c1ced53d4782c1dae94a9181b,Safe
47de3e96bc3ba34894b632e47f31f0553996b86b59e4a5ef8baa66eaa8a45ee1,Safe
e0735eb0797f60fdb018b220a325c0056a62c478fa6563f57a193fecf99b0d77,Safe
667b9990377c5605639ff4d62ad07c74f02fcbe41c9952c1b9c97636907ad858,Safe
a025a4a7bd26a65763b9e91fc4d3896c4ee635e77c48646198a317d98c3da2a3,Safe
776c6f98eb23e8d43af61bdbb934fa35cce51cd29a58af5d35b67dcaae3c5956,Safe
d4e39e47eb5b98d2a9fe1ffbdf3b15a84b532c003c3dc2e307f29857fc889f6d,Safe
0b478432a739bf22894baac34e632e80b70b3306c07b25019c4bf86516655d6e,Safe
08ac35cecea6387444c4881cc87317709f5ffffcb900af41ce92f8ee1e0a1c5d,Safe
b1370826b1972b42de731808229430da002e91f484d265485bf0937f9a6ced51,Safe
c05dfff4c2e4007befa8164eded9d7de63780402ae20366a55b28d29dda0cf56,Safe
a937641c293573d05d02958c857596be40a44b781650b68798352e1e29b2eaee,Safe
3e8ea5b35df85f736d042e3c9b2cf5264a18a505c3f383dfd8f2dddc72d72b71,Safe
6f4d07457b4f5ff181dc95e2d24bdac6f422e003450afcbbfad915a8321459da,Safe
1f8d2ff689f4ffc61557fece00e232448cd2ec056b9dd6e2763c1401fe97d0e8,Safe
b6ffcd781541278f112a8fb877fd9a088b654bbd6dcc23ed0e68a326c256cf19,Safe
cc31396d6fce9981184ce77f2460b8612d698e8f2c5fe00abf707ae583ae86d3,Safe
37afdf9ba2a274e451e979ef2921291456fc2de66d77f006625dd472e0c65a3b,Safe
d1ad94c0d14e6798bbb43943fc4aff79e330609831838a84f876884c6b39f691,Safe
13eef9709f121f420ff5ec9cdce9caae540683d39c791f68cb6ac8ed0aece700,Safe
8a5d35ab3629e645b11ecd1f0bcd0e48079ef01c0c6e2d0e3e0d7f9799c2f52f,Safe
0d0fdcb999ad378936bbfa68b1f706da3dfc192fe5d742f5d430fe4ffa388a35,Safe
a04e2439198d64d5291c35775c95387f030592991373ddd462ddb54d8f60eca7,Safe
dd3204f86c265fe4e365151d947b0b2b17cbd38e41d22649a647ac29b8aa31ce,Safe
53c8f0a180d486c05e229c44f0c20e02702c4c8d5cbfdc597110c4e55ef19593,Safe
4458b2a4c18c4957c43391685720d1ef36970f5ef6d7db4b214ad10fa52cbd4c,Safe
c2b82887a08ad3f0ad89e2d8feb0a65bb9d86263979a5ae3ed8c4b1ae3feb709,Safe
22a314a2924f2642b300af88b367214da46039e14a135cfec2c31d172dd3f0b7,Safe
20cf0683f574c09c1f69aa213c03c56c28492de28b3a2407965d16c0188941e2,Safe
f69461b4daaa9a7c1510989b238c326df62693ef3b0e8bc21346f104bc7ed18e,Safe
a7ed9c3a2c877a5f52454962fd8a28d88f2826c027f1e9cb72dff35d8af134ab,Safe
8d4da1a729107d75f9ae8a85f18da7eda6d2e9e99227c86cd6acf400b62b022b,Safe
0dd71b336455ecee45d5e1d7ab19b86ac73772b61f3aaf93d46bce1915358b2d,Safe
d92f9fae2e606c5f098dece9c0459db934f018858cce9fbac1d5cc071438eecf,Safe
0d918fc39325717824ab71734293c5a6788e77e02b4883a643108a440c97d8d2,Safe
62a11c57ff3310c24b3f13c0808cff8f1ba7b9001a95981b88f643c8faa948e6,Safe
9669b43b4d0e42bbe8f59294e8d2b1fee88a19cdfba12ebf5fee583e8b6274a5,Safe
7733cfe2f2d6e8e8c29f7f308f614aba2285ce83cfd86bc85a198340c6d9e467,Safe
6b8beb91b957d52419495b818b3c155c58b4ddf1141038383745507938173e2a,Safe
1a1b92e2f77c3bd2fab054273669352b5d591351688d33f254354071a28fcd14,Safe
f9af73244f2dd60e453baa84fb364ea584a0c831aa30a51f8a722dd2002439c0,Safe
c9d21be2e74ee30de61db2192cefebe6eec0cf0822b64dcf09f1dd2d6712ab33,Safe
5d198dc4a07dfe253aecadc27d01e34bfeddcd07cfca02313000486fb841a0d0,Safe
82101d5cded32ad0b24f103b34eadb3f0da8015fda4ae548f438082ee498c176,Safe
9d9a4d742effee3e466920b5d0f79f85501ba65d8c17009c89fc9d3a7f3b0321,Safe
e4c6c57f0c181d3ebf2ae3ee9017d3202569db114f358329e05e51690cb2d20f,Safe
44398b542bc0e6475879bbc9fc973afbe2eefdad6c27ae14c41876ed263993d2,Safe
27e3ae2c832ddee68f316dceb9e275690a28c5d99bdfdcf92d4c7b41cf8feb26,Safe
eb0754c4c55f93b7d28102ae42e9ed9fba0af5fc127499c436b661da7014b337,Safe
fdb9288cb8f56f910996eef2b0197c5e454fdc799a40a1e617ec9d71a0386e64,Safe
d8a0acf41f31d5830270253fa026b7dc3c2c5eaf0c742591fe393cdc3c14c647,Safe
f8ae3dbf0369ae079d1bdb4aabbdb1420dc8e4445918074b13d8b6284a04010c,Safe
be56ced3348b18b79b23b2f35754dba5abc63578916e1400ef6a8c202672a50d,Safe
58b35b61b95bd41e71d1a48a9a5e21f19efd3b70343a27a232680f8b3eb37aa1,Safe
5262f9b2d821e8af93b3ef79ee0e5054c16e76c3be6099a1b0d52e04396015b4,Safe
5ada3b5ec29225de639dc93a31ede5abb1c9473390c8d09d471985cb63440951,Safe
daac78a35c8a2d115e927cabc4f0042ca59740e34e0dc9b02420d661b11002cd,Safe
c9f960d874d025a4498ddc3d2bc2bbccb06ba17a65b7a1ba9aa85a718959ffad,Safe
2866225e0245518129ca9ea3b0166502336eb26eda8e15dc5ad5a05a4119e41c,Safe
9d86af0eaf28953531135f806ca1e2abd7eaa40fea5192825b3dd9e6e97ea2ca,Safe
453610f8a9da468b3924fa122c553612e4efe486b55d8b1d8665e82721c4ca6f,Safe
2f1ef787ae75ab56402c52f144206fe531a8f04d11ac096b680e17302d4d3199,Safe
10e8a8f167e94df5239e743850cc81c54423ba037ba4c99825d0e6f087f74c97,Safe
3588e3fd2404e947f69ab9819463242cfc138e6f712b27a58ec0c6e37d367e81,Safe
ebe9ca7e2178472e4ef7b091183edd57765902d6cf51ddf212b2a8478084720b,Safe
0897894e690727ddc6e2ee247eda9a32161f961bcc16232b08b0ac2cd2f65ddd,Safe
8dfe8e380ee940ed37615918d662c5579bd27aa4142c6ae050b7679b3b4f3151,Safe
0b2aa9b06a217b5471e933a64a1e350d800712f1223d60f8382d2054562403af,Safe
8112cbfabfdbae7ee4acab20695a68eef49b1aadec4b6c9ac702e5b0c6496857,Safe
8c8b304cc5840cdc7b296288f3a313f2f240c373da3be41ddafc0b79ee4c000c,Safe
e8d9a78325240837f6bee7b24fa10ccb55d7b5f64d39fbde053e573ff8293b28,Safe
028a9605709b0ba94c3eee37d3a465ab5c244a2b83c53514802851c7ddaa1d4a,Safe
3c633f6aebc80ba8263428cb5e761895182d1b40014e597e428c1147a87d09d1,Safe
7134760484e4609d79b0edec72f5efec1464022325de038e2af15144360215a3,Safe
b6b3d9a1565250aa4cd331973c4458eeea317025076ef7cf024980448ede96d5,Safe
96029bb4d4534d8a31ce8cde1405082083aac384baa1d57baa3907bea2771072,Safe
1b0ce322fa4df9a132dfc50334c7fed57f28706430b95b48caad35ca0ace6489,Safe
76a76d887fb15bab1fca0c0104bfda51b5ab0452c35b5e8b10988bcb0fe1000d,Safe
9f98a9f57474312f34ab5f1ee667be62bc784a078fe9dfc467077667eab8528a,Safe
8a1e76215aa78bead8795926091de44aafaa6902e92eef905c7589d1910daec1,Safe
e75665be939ec939a9f0e77821842dfb7c7c32a90a03138888cc65d45478fd09,Safe
3c6c375316c0d96c5d165c85f600b3423f09800c877f4545f7daa1d9094c01ac,Safe
46539b1047a1e30eeadfb1a4ec687891362041f45ff92c5621356b959d40b773,Safe
36ae6872207e04ed04d9513063f36a6e0d2fb625ac37d0eaa074cf4cce6df990,Safe
cb176b099dae162b2924b91f0e44f44f9fc894b344c1d0df6df80d3158ec3494,Safe
87bec27c17842d26b00f996f5827d889434340c9a30e2f5b43424ccd3e225e17,Safe
aca533717324d6e2b482f94a678d7b5cd705b750d89dbc763e9d878ab0e7c2d8,Safe
cb54b53c529b6cde4ec9bdef8c9094b4777dd88242dfe0be9b0f4faa8d12bf73,Safe
93ac814ee3221e8eb53c2421cba85d148b55182251b2641d7e04f0e14133fc3f,Safe
109c3dea7f6af0ff803d18e99e8b6f75765c329f367e2f12a95530fa4b697135,Safe
44209569d424c248c35b5202f309d4a70635ffa1eea42c6a5fc56e88f8750237,Safe
5f134f6f6428f5f8b57bd3e79ecae99a3459979198534e48661bd00a1e1d85fc,Safe
a681dd5a0f01a633a4231fa2c5d18529235edeec2566437155a6fdd400f349b2,Safe
20542527fb3f932b1cafcaf8452aee29c0d3b30f5c2ff7fd4dbc292014ed11c3,Safe
8d5ff84d9c42ad8051dd15d3d17dfb8066edbf1ddf4a9e506f4b3395a4995628,Safe
cf1c8c2cc1dbd33fe50ef52ca746f815d2ba7ede4c7fa77cf25d818f8f473834,Safe
a7f329bd5474079be929ec53a8a4a4fc1e69e3efbd9f9dadc03dfe04ec95cf56,Safe
80ae3c84d75529b3708a0720aec7535f311fa036f30c720dfb4a3868a8c755c5,Safe
bfe7f4f90148aeafd864bb3d2937bb3c0fc00a901c2c93fc53d0126254b40fd2,Safe
4682d425e410b6ca909faa024b77698234f11b52064daca63ea1a9f0ecde5abb,Safe
815885694724a621919bf2a0c1130698e5d0c5891c6a6cc02ad0146d4035f7c8,Safe
cb1158a688a667159e3dec5fd6ed62d04615697327a411465e52f1e4e55e6f2a,Safe
127bb06ef0729e466eb6345cb33a2fab14821c923c6732d585dfa10ef8dcadd8,Safe
f4844b80c0d9db5a876683f21862d0fe270bde8177da58981bf4dc6a0e64564c,Safe
5dc84b26322ccb343e3d608fe0fec216bd8076ef36b963a0742e6411c1449c8e,Safe
bc6e94f94e07923fcb9dec11e48084942bab9bfaef3ce2ee16e8d995bba596f5,Safe
3dbf566aa37ba6f9a017474177ec544ab44dddc111f7777c023d864b07aefe86,Safe
41ba4be6c75798872d9360153986899461f22d330d6b1a39ccc0964417b52acd,Safe
25ad38ca50d41adadb1a12c32492b98473395ec50111fc8642abb42eb62bd01a,Safe
3d38029254aa8954bf5bfed59a0c347382d59fc8c75d83ce7e87b571406fb9fc,Safe
f532ad86b4cad1e6af84c6fede0bc59d02251c4229ee7b745e686636b30c9296,Safe
c45382f2cb27b645194b1a42ff1d202673b0d297c065679d1e5c99837ba66521,Safe
32b11dd8d4ad2e9ca239038c8a9819dff336e8976aedca8f198f462727bb6613,Safe
449d963b3022ace87ea0de3e4dd2125d121d8eb668289bfd5b070160edf31522,Safe
939816fc916af6c457d5ba9fa012f87cf7ec0e108ccfc03a556e08e20b96cdc4,Safe
330059c41d0b07486a80f711d25fb463f5aa89f956561b93ba20797284b25cb2,Safe
d009d1138eceb4bb82fc1e40d481f1ac815e74dbd60c9f6c24c98d10a00a0847,Safe
a1317f4befd10119d339ed2bd511979e5261a50e1d58f3020c44e97724944ffd,Safe
7dedde594e937032e76f6bac93c42bdf5cc557642ddb61a33c85949056a6a732,Safe
ef19ec3c18b7d153a355b554cb7932717bd8963a105fb1cdf5f5fe809e31817e,Safe
3cedfb94357af3dc79c05529a548d6bab35bf26380b8350fa75ff9faddba3285,Safe
59bee7bab3c8db893daa0bc1801bb8a5da42f54e7fc6d1c4cd72fc74f636800a,Safe
a9779b3799f91e72ec7ec34cc04e2e7964977b456440f177577baf177052073c,Safe
76c9097db8c895f7476aff11ca3326cf4d676734c2e49bb7458b327ca013abc7,Safe
a1e3086d35d757e17416b89cb278c6472e6af8d76863d7502553d763dcc2739e,Safe
f966bef367e119fc006108344f3ad8cb027d10a56b1321ddeb952a8c72993d03,Safe
bb3a75e67f185734dea9cce1a5ceffb7ed3e3a2dbe03eedf15c874cb57f3de9e,Safe
a0137113f3bcecfa78e6f5ff304a6e1018ed23d8875a641f67628812cbdf5691,Safe
d0713d184d37c0a6bb4c9118b5a4cac109f1c2f384281b178ab3d13b5b492e42,Safe
8f19dfcaa9812345c3a44facf10430a9748da3a87cf66ae3d910fa2069dc480b,Safe
5a2991efc8e0558a58e7a81db4b91953168be91e1838cc3f7cf383be3b726e26,Safe
9858626ea6771004ab895a46828b8481d92526e35884b7eb954b5797a298a213,Safe
db944f2f65ac902e5799a7647ac433eeedbb2a41cbb3c52915ea960e0a4f1402,Safe
d2f3780fbc7f50561bd4b5d6c6ffbb8d89c2c7488308f24ca501f8978556070d,Safe
513f0a6e0729258cce5c89ac1dcb6fe03d1ee8f7f0ee114920c00d5793bd8bc1,Safe
3761deb0b544949eb763c9fc5723e16e18db9a731a54cbce52161ef1701c7bb0,Safe
9e34ebde0432e4c6d4d2423488d4e4c0418e0941413d080c61f521f49ca2da51,Safe
ac88935a22d3c5b46f9c10f73941bea893d0497db4d74d9d9e221ceda2507d04,Safe
ca6c9d09b95bdce615924eb6082483772d61b9d368390543be57a011cb62613b,Safe
e9bd5eea3714a1b8bd116daf62cc81e2c4d0458cb67f61484877f9ed95062912,Safe
bcc81767e20bd1d7d66ffd75bb3b36bbe1c98279c2a4783864ac7945cfa9f334,Safe
9e80c2119dc03ebaa549bd84343bc2d9143259ae3b145d472c4f6fca451efd91,Safe
8f3a00945173889d854e3a16537eedc4782756aee56443b1df1809c70f11b177,Safe
43137b34a71caeeb20058bf58e9f4367c8e2186c8719f6b6aff41a344a4dd56a,Safe
c434214fb9df203a31142b3c89d71ebac51d66be5379152df9daf4e0c37d6745,Safe
cbbef1e777806675eae053add511a0a99a6c3f097b1d6e9544f4284be65347bf,Safe
b5850f811b256ab3f30d30b669faddfbd82d283e51292e1013a46f2a7bfbed75,Safe
995b2a7e4d9836f7938be99818dd292f8f184ebbc4370da8624d7f356af5e7e1,Safe
bf8fce0c94fa44e710eebda06818a40a9716e97269ec91a8da7c30987e9af804,Safe
5677836a4c76d6e5a3d347c7f5f8d5e1dab99e398ce42c87e47f1f16a8686c59,Safe
a303bc09993d30c900e315d974e388e2e4fe5956948bf40e69542d56814d16be,Safe
b4c81143816550f851457655346eb8272b3b630801e0c97377e9ce0996e7d7bd,Safe
71a875db08663ef990ce11b7552270d57461f2b4e385f09b9e993047f0d1a307,Safe
d171d01f74d3a7d50fca38e3668b2fe5f53c0b5f61eb1a5689c0f6ff4c2b742b,Safe
46bd611963718d642d15e076599193a3632240563b779f3d68eba8e6ff43c5c6,Safe
a00675cfe36729192cb41f1a16a9d1440d3d14a3fa6ee24a52bf75ad3011a7f1,Safe
45b33cb6c666b325ef9d3b7d4714c087d60c6c6d38852ca2bfcfe3a5af89da7e,Safe
bd61e617669fdc47a525aa4521ef3fbc68b7c754260a4c41e64613d0948a7d3c,Safe
354e3f24552205a3ae563dafe96ef474795a0afd25cb5c6c1a5ac75efb9b49ad,Safe
6c0cc4a050e3d63df10bef6d6c3cae02f27086c71c6303b4ae8ff4f0118ef225,Safe
6a21d63147e019514128d8a69561d42040c767388bd363be303c3b8e1cafa80e,Safe
d8fc9c4fb69e2c50e93555a30459247d267dd7439ad4248a6679222f90e06b11,Safe
dc94de35944943741f0d95c511f7844843b42e125096de611985ed1d33a85e10,Safe
50275db3953720bfb8b379fff9288c42a7c38329ef0a45dd52f1601d12fbd44c,Safe
5d90d2b0768b2b225d1d8bd0746d84694b200d71544480f9aaa3017a762f8318,Safe
7e85b7a05cc20d8bb6edce2e1334fe297ad16a5750adec98a8aa924f02ce0f65,Safe
517da30e03b886a4c0925c5b44c9400f4ab0d13057a2f9c7a239611e85779d61,Safe
7150f2db1fd45840149262544c90eae27756b99635c1c6fcf4c8359b020a35e2,Safe
3afb6eb87cb46ca27ce12522444be2784408017d15dee309e11b7da55c1e28a3,Safe
c62d566e72ead8e10cf3613b9d1811fbc8838a260bf74ea51e5268e8267f2054,Safe
3c95f3478b208149e42077b27e5edf8b8707803910e015ca9ea3bdd394653547,Safe
6c64be17eaa8580ebedc4c4a9d0d54d5bc53b1705bdfe3e620063e8597182971,Safe
b40f0c07695d2ea0346eeeaf80db4bfe1dedca1aa625766b5771afe34a9344cc,Safe
9c178c82cffa7ca242e92a50664dd24c506386620f89d0856b85fb2aefe1c6cf,Safe
a60623cee10b8bc28a0d2dd7f93c98dbfb53ae1aa9a3e5778069ee6f2d537a37,Safe
3f56430a8e7e9caa69d7cd31898fd01b39f3affbe3e372628deba75fc9c2a49f,Safe
fc2038f83515ae76db9f4286c466143fc50af3c0ab02b60fb52b0cabd2536c0d,Safe
29f71ac09cca4d309293d06885772dc1824b7e614fd29d6bf88c19639de057a8,Safe
8c0f3eb3bf06f52c079edbf4204290ecd6edfb9d877a60ed1b7005956707fddd,Safe
e13bcf6dd5dd55670fffc7d80c7c35dc2b7edff4e108d3bc6532352629685e9e,Safe
d9e314d4f34b75531e9e76cfc2c6c51f1b2f87ef7921ed286a26a90a846134bd,Safe
dcb36c4293df3a85e5a62f81a760a8c326a96ca3e217461890b383fba41f245e,Safe
178f326a8c38c8f12d34890727f4dfa8eba5dffd959477a8195c1beb85160c83,Safe
e429075fdb7570610aa96f6c6b0a8a4bd0edceeffb61d7090515c19bf264c230,Safe
b9ecd161305ee472b6ab04e594eb90a0d7ca5916d285cad1686f8c609ec6ae38,Safe
4a9af6136359bccb811f08bfc3c51a99063d811e932e22608b9a8c4e07832843,Safe
10062c5db0d56a8ec046716cb9e1f33f5d885ab0735b7107492c6a0980305714,Safe
0db002b73b9c1bc84c521a7087e76e7daec726a22930312c13e6156d425cbe5d,Safe
445a85ca4d13c94fd59502ccb247e3ec9d7335491c024c944167388cd3b99705,Safe
c83884da88f362fff30e5e4ab158050f0c4d15ac336dfabd5591a47f629591d6,Safe
6b5cc27505aef97b8764b7a4f89498427a3be827f25fa4c93300b8b4db541672,Safe
31c0678ae24a3868b11aeb521cbe75abd2d5ad2eff8b6a6af30063259da4af7a,Safe
1c9a0e4198082e6e379d618762b2641c2653cad2b4beb786ff5449dfc094c5e4,Safe
74e9602206fa45a53deb48999953ce208410e675e34a1b373276a21ba298b2f5,Safe
a76eea9e41ea6e19c0e7cd4388f1bb44d44339afc128516c80c7a79b1099649d,Safe
cb960dd5761cbdd19530726fe45d184a9500b0b7f53049d4a43cd7569b7bd44a,Safe
cacb7fd45ee8bbcda0d99201bc8fcdf85e4ff1c4a235739d11a711f65cc44b5e,Safe
e21b731aae7eed2e5f8241d1243d495c68a0e22fbbe422182027763ba38fd5a9,Safe
cc4f1fc9957d19a19fe08f05a88f8b88b60477f4921f35b02c68563243680985,Safe
a883354cdcbd5318a782c7d17c0283f061a06bfb60108c93382da82db261f04a,Safe
7b438d27436c7a5387dc4552617698187ef658c75af31ea4571f20c39014d78b,Safe
da0194008f8a8b7ed77b4973f35d63afb19675c78daa3859753087b96adea311,Safe
0238e5dd85143f1b6c59b200bc32f14361b8fc84c51a87d795366c931dadee9f,Safe
7baedfc677c5e9c39e90cc74fe6f18b6d2e0bd8426704f5a4c4a092eacc0bb78,Safe
e9a23a324c6b8d12a48f284b6e2ec5c1a38a9377fc5b458cb9c02da64ca29cc8,Safe
ef2337de0e5f2e62dd9bf9a4684f4d1cb692f18b51012a0cb22de6a337b8e888,Safe
d57f11185d5cd4035243128994045cccf7621a7e7df895df563bedb9e5de98a6,Safe
ceb7217ffaa11b7d95b333eb950333328c499348fbf062f924b7b576966a4226,Safe
68a19462299aa03bc431af8b78fe5d97a54f83f943a9ef1727ff2699f704057b,Safe
2b4c2da8abd688d6e69f1c9a7df94f5270de62b773b5455905822e8b3fd0fc13,Safe
e4870b6a38ca64c27b6d6149c063ddf542c1bc5997476822f5a4bbdf9fba64c3,Safe
0dabc67e16abd404b527f14b6804bada843609f808ffaa81c9a2021da3d96c13,Safe
cdcc8f276065ae8cc9ed9a671ac5c4e96fdbc06dcfee9dc36a9ad91614bc3b6a,Safe
b5e97ffe9f724ff469812e516248b548000dc455a8e7393d094838020311b861,Safe
8c96c6d92e327f7b3aa1012b32da7ce7428d5e94aee9af48c7033b1dd1a357be,Safe
4eecbb86f96658622e3aca4b037271ae15b32e0401efc1c01a917f8ee2293439,Safe
bb9022f52e1a418faa81a2544248b057ee4d2ad209095ad437883a4ba845bcdd,Safe
dddf781c0e6a7cebb3e992cfc5888f7a530e95c799db13040b4b0e07ad9b218b,Safe
43c40cc829d1399b6d2056a5f54db0d8be01a906b33045d1d6a63e16f5c7755d,Safe
21c1a8b3de816a43c64a99f88c5ccfe6b84a9917877361f4c6f4f28b2c1f3d30,Safe
f99548a1123fbdb632c2a0da17dc156511a54c67cb75c1772efd2514230e7668,Safe
8b90cf190d6af949ccd5890a98ae52fa97e417dfaae74a2415e8000db738daef,Safe
02e951845b7df305b60d237eeaf661a2322c8689cf236fb0675dd560e13207b6,Safe
90a6101a675fa3d798e0a3a0c435cbc53f1e1b7b0c496bdb4ddb370fb82e0918,Safe
07db71805123803b59f3cb059b3d201793b591aeb25a9637e7a6ef712634c0c0,Safe
495bc9ebcab2f9f98449aafe2c8f4559c3970be50530371dec3c56ff7a999d3a,Safe
12e42dea50d0225554d9f5a8596c1182f87a6330ac2ec693fb507eadadab7bc6,Safe
b63c90f06ae45726a397d265568a371e6278001b55c8a0d155f98e2fc965f205,Safe
fcc8f0fa671334b0f78e3140ce54f9467ee48195ba7f4df97e5fac2018a56400,Safe
6f1a10376c1083ab6960ecb69e8b17f527742eb03d126b2deea4fe8974b6e834,Safe
c0dc887f4c21b6bc91090788c9c5bab265ba432b2a7c9503181335bed078ad49,Safe
33a4a0b2d4824bc622f9a66fe247baa8feb9c7c6b18305433700796d33fbab77,Safe
f200ee62fd05fc0f011fb52f60d698714edcf1bb057135d686c4a19b72e1a942,Safe
9efb68e3f89730c5321a1fcbbd9ff118403f8443b6c30c2f8290cf6f5743c49a,Safe
c57e951ea4c133c12c871d54de8c9f2b7821fddb368416314892b1adca9bf649,Safe
2215f07fa8fb333fe0d5b1b4bd6991c8e7a2e5e70a146547759bf045c8a6c9d6,Safe
cd15eca6522803330d59cb0d0303ac69b7befe598038babfa145747e927e2aab,Safe
8b34d2b27b98e0ff2c8fa5dedc6847efd2152fc4a0e74dabdcf841b8939b1b20,Safe
e184f6ed4dbf8b258faca1eb1c77e4f0ba33046eda6ca70552e60577c716dfa6,Safe
e05c620c398e132fa9dfefeb5c942278412651742a5adc7e56bbab0077044d6a,Safe
a16510e0859657a9c5bce3b6dc350ff788cbb0720eb326abad8fc34f9840d775,Safe
732d4c014bf06acdea15a88d6a456ca7bf73b8bed6c4750cee28a69701dfd88e,Safe
648557af3b73f980cf02c2bb3ed22f5f97a51ae2ee76702c50c5ffe244752c71,Safe
67b7553cc0114b7af4f880309c632f4ab03568305763ab5e7b95639a4a6bd6e4,Safe
8f778e91f9ba43df468ad70aad5e116cff9a1498f9eb5a6f1bc3b49698fd188c,Safe
eeb91d070dcdbf9048520842424a0281ae3b89878056fc0cbb47777f2e06985a,Safe
fc261e1932106564b05c7ac53d656ec89ff01238357c22bb50d8b8695dac237d,Safe
eec7805471b72c02c9934531e2ec7c41365bae72f1a0b23fac8e85cbaaaea33b,Safe
826d184477e96f6678e52b2a943984991097b0ed0574aad2d8e2d62218a1b1f1,Safe
a90b5b7a18d32c976d674dba97ca77b8b73bc6b08ab02d82d531970679119de6,Safe
ec82c573d0e7d62ce15dca3d22dfd5f31deff25c80dfec6ae248ff2115e8e404,Safe
60d1e4dc5a49a642936ba712ff1b3cbeda23a4911bade686e0c525915cc111cb,Safe
1526ed98573a8dece98e9d70e43dcd6da7119b11cf2496bd387fa030906ae671,Safe
68dd9a1510bf8341da790b6e45f0c037d1a6562ca0eaafecbaa287ea69c732b6,Safe
c017187075b2f58cb83c236d33e8e45d40ae5aa978aee3dcdc29dee51b67dd26,Safe
5bd2c056cb38cd0bcb5ed90f18efb5c87a0761d3dc51c02b85b69acb2a0e445a,Safe
9850b227da4ab92e69fee152b3b6184297d3997d4f04446b58e687d773a8977a,Safe
7f2e23cf741579eacc96dce0097246af5d52912ea59eb0766f4b76d4e568142a,Safe
34f1ffcb2b7015f4099b5c2a1db4de5180c731408d593f01eb26a5d1e897f1c3,Safe
0f7be48fd12d1baaa1548987b00bd0a68f97fd864e63616d7dfaab483cb6cfd9,Safe
a717244c4416b6d4a78ac945d25accff1abf279d673029f2abd0122bc7733202,Safe
1bfc3c7d5ce479e6133b45173dd5da57c3abb48f7ac6fb3b5f9533b07c548402,Safe
24e24ce1777fb6dddca308c716e197aca5c612170640b7a32c759a62d5bad9ea,Safe
281e8f92d5e39dd5e35a6c60bb5eb381a70d83dd3b71a458192061cd24d83e38,Safe
caca6ad6781a45abbd764ba3ed333da30517b775e5b95ce8b118721a34dfef20,Safe
80f922160f52c14f66c6815c771b0fdd5fa52f92333f45e8815ddd901836e147,Safe
cbeb3bd668403668641dcef9824103e53c4284e1ab8b0f6fbced60d342dff900,Safe
d4b895bb9543ce1a63e19cf233ad65281a40fc12580216f784addb25f0d0425b,Safe
ad6a9fc257e0fec8a565ffb488f9ff4f18db5108f1bd2fd4f72bfcecffdb0917,Safe
2efd4be06135ecd1348bd9b8918b1b2138c39b8ed3413dab7c1c05c8e7b2d60a,Safe
a2abafd0bd89b40575aeb7889467f75ac4a7fb4813ea53ccc08ebb046e95174e,Safe
f6f7a73a39d3d2e06c033ad4ad5307a6c26f8f7bd287dcaf3768d3215b4c0c15,Safe
1d905bdc285676add05dcebeb4f67d5dfe367ad123ba4e24fce62a27abbd01ce,Safe
a5a46426c3436b93e3d1eb58d5681ce3768a20a423179ae6298475dac8201d26,Safe
8102088422f03e7b4b218ff5f32d7e62026ab373fe6741e4d8c486eacb4a70ff,Safe
d95fa28909c03cc6ea79964112a79aad09dbbafccf449169914d65e6b97eb4df,Safe
077fc6a167d39ccf0effef22b8d93639eb5c44db7f30158111cf29cc25f30530,Safe
75d4209719e088bfd7146141194db811f6cd277d90680b09948d17bd30d0f73c,Safe
f9fbcf3880fcc5778c2f66fdd5b0eec23e387617c0f48a6e74c92b721b2cb279,Safe
9d526d0b38e7aa17dd513c1e4913b64b34ffc8925f64dfa5e57a9140a8b99bcc,Safe
969a15bcb0b40cbdb80b7cf323bad80c129102f3aa349e0eb476fce660972568,Safe
fe5d7f84d692bbccad8bd566a3ad5c3108fa9f90acd6718283966920077134de,Safe
e39790110ebe8ea0fdc84f0ecb6fe3edfd22b82cfd05f41210c5f82edae5cac3,Safe
51b26b339a222840d503740087e3442cce08056aa7acac4ddf59bf146ca044d2,Safe
8526c73f2302d09865776e3e549e229ed1b38323b78ba636d43afee8dbc8dcc4,Safe
b9b0b4759e7f4a5e689aa05693f560508c9d70a6ed6886f35d197997e74a7dd8,Safe
2dc12a0981458c58922100994f203d42576352cf19a5c149f0f25f56bf220b4d,Safe
a0036e30bce62dcf88388ac6844369c73755566107f96d57b207210b3c83602c,Safe
98c4f7a460edd4eb1c76c39efd6692b02ae2a8753e0991321edc0765bb79de9f,Safe overall
12c762a5bd5c1e2cfa37effae3a7981a723595743d279d0770e23ba446a86e16,Safe overall
428fae7f1b4c7e667932dd924bfaed3b8193d3abfd5dc693fd2a5d775703aba8,Safe overall
343e12402da953291877037931ab1c334f984564ba0ee66d27ff2dfded571c79,Safe overall
8eedb58f94263f53da1f51dabe1300653548f80e465c1102645922db6d930810,Safe overall
2e4f9a6eced0f72d0a8d8f37b403a2196237be00d8a57232c58fe375a7cc4bff,Safe overall
6481da71743094df082447365bb29f5018a0d0374b26e18dbcc2f5d650fdf19e,Safe overall
02d7e5738c2bb067da8568ea0cb0d2186c53212e55ce707eb212e1271b65b1c1,Safe overall
93f0c0917b1489ebaa828d000c7310c900585ba9d0b680bb9d0db59e9442b59b,Safe overall
131b148f40fcbb19f3b935b484aa887fe6dc24e7d4603af15c323741f4467dac,Safe overall
be87ca52de5927b7a816cafba5c35b001cbb7cc37f5b46f7c68d4e8c64534212,Safe overall
7f644537e1b67daff33a3695a467d10cce38665178e278782b350e89696fc648,Safe overall
711c85f84be3a3b1172b889a8cb8fd52651ace873f8be68d44628b69ae6cc17a,Safe overall
a4f787a3683e2c23ddcd81e23cd204afa0e0a9d2411fb02a396da00843030b1d,Safe overall
68827987280f7f27352e91f53938604c7e473e59f80cb3a5e00cb499657b9701,Safe overall
3fa21a64d7fda88107a021c869eb829d3b5f06004ff3fcb0aed4e19846015baa,Safe overall
f4c16bb8173e06a963b260edcc841364da50b9ca699ae9818c848549448d97d4,Safe overall
546a31b2ef623f277e95d2a0d75c46ecc8cde7f8614b458dde4defda8e6ba8db,Safe overall
17a8e9bcd9b3e6e54e9364df9c225572445a9b8e4beb47394ebaafd1043ecfa7,Safe overall
0e3879f90c9921584eefffc9d71fbb9f24a3af570f456895ebeb858933208289,Safe overall
2604a52625f18206539448eb6b526b030c4a7610af277614cb2862c68dc49f19,Safe overall
6f2a0f0ea8a4bf8bb49aaccccf6edd119ec6c640a90bdbce82d64d31db5ac3b0,Safe overall
676fde88c94caf48af5ca51991b453576aa6fb592dbebb21fe4370663b9c3a6e,Safe overall
399ce04ea97c68d3c9f5a38f63b874b3ab52e59c8b5d8a507ca038bb5d0cfba3,Safe overall
427eea11ced427364634bb755b0fb8a5e2412db0b2baf8ea1f2d0e32f799bf6d,Safe overall
7671dd9492012810bd21600f77f5f593723b11505367e36f27a1ad632872e33d,Safe overall
c18121115a1f562536d630c69e99e137a0874ff5a99cf6c7f4f2d976b2e426f2,Safe overall
62baa676bcfab238ba3ec1cd980682babbf4273de6be8959938e0140bcd480bc,Safe overall
e88dac74852e417570e842501fb93b4c0b75f62b5afca9b48d41acb293aab2aa,Safe overall
a346b120b4bc52a03569325972df8db0561b32732f64b9121948831ebcb018d2,Safe overall
5c0879adca6d70636a0b97536f954187a648d0b5815ffb162cad879912416df4,Safe overall
8855c4f67aeda1d585b26e9f52afb0bcd1ff7cfe52e10490842b7beb77d15cc9,Safe overall
21f6acce2abf70439359142c0c6a57a08fa446b2db1a4f73b6d350fe682ed364,Safe overall
8433181642292a38c9bd5e3fae2f2767d91eca5f00409f1340a31479a8d7ec54,Safe overall
75fc5dc8fdaa82f0afa55ce3d8ef5fb4e2bde826099cd2ce3ec449a2f0aa5342,Safe overall
9a32a17b53a400a85de09ee1b01f000b96d9ea6f6a3539d0c01cf33ce10b195a,Safe overall
5387b5c51c1833b966afdbded5e0747da9f23e27884b1b5742819ac923dbea84,Safe overall
84dce9cd1b1e7ddc3f522063527775c4dd6fd5675aeae13007b61ff22e7f14ee,Safe overall
404f53940a1162b2a6ba437993560513012c3d3d5d9943b8581a8ef223bdf0c8,Tandem
8c25e7870b4c3f87e10c83f2c0608ee22fe69ac3a82c11905c072267e174746d,Tandem
23495d12ebe80d8f0901d60d43e8d860dd6647c1c10218d6a94db23d49ce3bf5,Tandem
4b1dae20beb831ead0e34d643da86898c9cb944f00d4bcdbf56721d535a141de,Tandem
81dfd4e146feaeda71a66878056da818ec942e8dc82dd24b2e041329fcb194f9,Tandem
c7ba7cec2a44f5f202ba1fdf2d5e515ade418fcb5cf188cba470a5e12167476e,Tandem
3c6ab7feee4c257992ca2acf5da4c6d24fc2bf4364b78dd0bc310972a2c4ab1a,Tandem
faf6d37f02034ace69f93e2f22342adef17012211d73981a35effc13dc5334b4,Tandem
73c09a6c58463017059d1b1f1a00cf0fd22b573fbb37ac6c3211a318956da3de,Tandem
36a2f251db083ae49eeb10f3c36db3cdb181b2636ed732423713b73d6268a668,Tandem
d595486145e7746d12a475709f004ff08caebd004f6afe514eb72a34349bcf08,Tandem
a66cb44a5d1d627130312f0337b227da8a2f87b2e1047e86243deeeafedff18c,Tandem
f391ebf22c9a5e3cb97bafcc5e639127b66ef8e4c90d2bd69c28bd49209535f1,Tandem
3437598e9affe0f6bfbbb2068e32cb81b89b229eb8056ec1fff2175326d32479,Tandem
a829be1d0261bdb1ca4f1237155f8da8cd26ae0bfaa6cad1f3e4bfd681ceaeee,Tandem
227eb7ea19e04a013fc14f79b91291183714e76dc817954ccea5dd38b4f57be6,Tandem
d24eb03b3ed70ec87b046adbc3485dddd14100f7e282e9712928ec47ca9b8461,Tandem
317d2d5e1aeb32030be3a8ed037913534aea474abaf1d154a0fb7b8c4d9d4f0a,Tandem
